,iteration,t,analytic,beeman,verlet,gearpredictor
0,0,0.0,0.98580336643586,0.985765306122449,0.9929591836734694,0.98580336643586
1,1,0.01,0.9578314898041884,0.9575502915451894,0.9720379008746356,0.9578314898041884
2,2,0.02,0.9166950413663522,0.9159596834652228,0.937733319450229,0.9166950413663522
3,3,0.03,0.8631520126421364,0.861783988467107,0.8907266948295351,0.8631520126421364
4,4,0.04,0.7981407469942899,0.7959830208142677,0.831871007981368,0.7981407469942899
5,5,0.05,0.7227436903487366,0.7196701285836444,0.7621763267496654,0.7227436903487366
6,6,0.06,0.6381769352761371,0.6340939843440341,0.6827931322146449,0.6381769352761371
7,7,0.07,0.5457683900849772,0.5406186779042219,0.5949938773454256,0.5457683900849772
8,8,0.08,0.4469385513607376,0.440702434260652,0.5001530666449137,0.4469385513607376
9,9,0.09,0.3431786161879769,0.3358752817353743,0.3997261624921347,0.3431786161879769
10,10,0.0999999999999999,0.2360285264799196,0.2277160066539449,0.2952276362814466,0.2360285264799196
11,11,0.1099999999999999,0.1270543904357983,0.1178287364039966,0.1882084901309721,0.1270543904357983
12,12,0.1199999999999999,0.0178259518567113,0.0078194931658525,0.0802335778420007,0.0178259518567113
13,13,0.1299999999999999,-0.0901057113867112,-0.100726943873126,-0.0271409480365037,-0.0901057113867112
14,14,0.1399999999999999,-0.1952298928274233,-0.2062695392853011,-0.1323897426549978,-0.1952298928274233
15,15,0.15,-0.2960970891207161,-0.3073325504867789,-0.2340396193940747,-0.2960970891207161
16,16,0.16,-0.3913386667859234,-0.4025258286755291,-0.330689850270025,-0.3913386667859234
17,17,0.17,-0.4796851052362348,-0.4905635973665987,-0.4210311412112368,-0.4796851052362348
18,18,0.18,-0.559982576506108,-0.5702814601021351,-0.503863030060475,-0.559982576506108
19,19,0.19,-0.6312076509060275,-0.6406514179535036,-0.5781094812926355,-0.6312076509060275
20,20,0.2,-0.6924799466386062,-0.7007947092134188,-0.6428324804275031,-0.6924799466386062
21,21,0.21,-0.7430725734111974,-0.7499923177011396,-0.697243462507398,-0.7430725734111974
22,22,0.22,-0.7824202533449701,-0.787693031851645,-0.7407124423176785,-0.7824202533449701
23,23,0.23,-0.8101250370878529,-0.8135189736912226,-0.7727747487506209,-0.8101250370878529
24,24,0.24,-0.8259595682545167,-0.8272685543686782,-0.7931353013340022,-0.8259595682545167
25,25,0.25,-0.8298678847222364,-0.8289168505637187,-0.8016704029430536,-0.8298678847222364
26,26,0.26,-0.8219637803674238,-0.8186134332889494,-0.7984270585687075,-0.8219637803674238
27,27,0.2700000000000001,-0.8025267850561839,-0.7966777168106518,-0.7836198652160747,-0.8025267850561839
28,28,0.2800000000000001,-0.7719958536246648,-0.7635919301291675,-0.7576255520613111,-0.7719958536246648
29,29,0.2900000000000001,-0.7309608857555461,-0.7199918462041229,-0.7209752824323723,-0.7309608857555461
30,30,0.3000000000000001,-0.6801522276581401,-0.6666554344399224,-0.6743448595593028,-0.6801522276581401
31,31,0.3100000000000001,-0.6204283329114779,-0.6044896294610375,-0.6185430059580626,-0.6204283329114779
32,32,0.3200000000000001,-0.5527617833937274,-0.5345154335490276,-0.5544979114047861,-0.5527617833937274
33,33,0.3300000000000001,-0.4782238916044922,-0.4578515909790656,-0.4832422664066921,-0.4782238916044922
34,34,0.3400000000000001,-0.3979681226453029,-0.375697089632548,-0.4058970166129652,-0.3979681226453029
35,35,0.3500000000000001,-0.3132125874662568,-0.289312758480877,-0.3236540885177388,-0.3132125874662568
36,36,0.3600000000000001,-0.2252218685755437,-0.2000022386996362,-0.2377583479266807,-0.2252218685755437
37,37,0.3700000000000001,-0.1352884451609196,-0.1090926112083394,-0.1494890598838892,-0.1352884451609196
38,38,0.3800000000000001,-0.0447139864609723,-0.0179149643253453,-0.0601411220392861,-0.0447139864609723
39,39,0.3900000000000002,0.0452092197226924,0.0722148179731508,0.0289936572121797,0.0452092197226924
40,40,0.4000000000000002,0.1332164421814382,0.1600147738922194,0.1166449690039609,0.1332164421814382
41,41,0.4100000000000002,0.2180880332525958,0.2442548254784286,0.2015818441313131,0.2180880332525958
42,42,0.4200000000000002,0.2986660684541936,0.3237737364614478,0.2826296763304802,0.2986660684541936
43,43,0.4300000000000002,0.3738698756487041,0.3974948366284034,0.3586861971833055,0.3738698756487041
44,44,0.4400000000000002,0.4427102494807165,0.4644403041205179,0.4287361894111248,0.4427102494807165
45,45,0.4500000000000002,0.5043021683567541,0.5237438207803489,0.4918647463910409,0.5043021683567541
46,46,0.4600000000000002,0.5578758550423021,0.5746614417370958,0.5472689092411677,0.5578758550423021
47,47,0.4700000000000002,0.6027860476717956,0.61658054838874,0.5942675384083577,0.6027860476717956
48,48,0.4800000000000002,0.6385193752103346,0.6490267833933374,0.6323093039571215,0.6385193752103346
49,49,0.4900000000000002,0.664699759763663,0.6716688967725285,0.6609787072884543,0.664699759763663
50,50,0.5000000000000002,0.6810917971879196,0.6843214633046603,0.6800000763864432,0.6810917971879196
51,51,0.5100000000000002,0.6876020967813158,0.6869454625873073,0.6892395064673076,0.6876020967813158
52,52,0.5200000000000002,0.6842785900267846,0.6796467440285957,0.6887047476587083,0.6842785900267846
53,53,0.5300000000000002,0.6713078469862873,0.6626724291438477,0.6785430706420461,0.6713078469862873
54,54,0.5400000000000003,0.6490104666261453,0.6364053324662012,0.6590371696348173,0.6490104666261453
55,55,0.5500000000000003,0.6178346336998227,0.6013565097276574,0.6305991892798474,0.6178346336998227
56,56,0.5600000000000003,0.5783479594756843,0.5581560673596246,0.5937629875728894,0.5783479594756843
57,57,0.5700000000000003,0.531227746246887,0.5075423904620523,0.5491747705576425,0.531227746246887
58,58,0.5800000000000003,0.4772498359064206,0.4503499668981096,0.4975822558387288,0.4772498359064206
59,59,0.5900000000000003,0.4172762206567806,0.3874960028290694,0.4398225407364707,0.4172762206567806
60,60,0.6000000000000003,0.3522416089351877,0.3199660395983288,0.3768088669006627,0.3522416089351877
61,61,0.6100000000000003,0.2831391516983387,0.2487987932381901,0.3095164862251527,0.2831391516983387
62,62,0.6200000000000003,0.2110055431962945,0.1750704458908508,0.2389678428173008,0.2110055431962945
63,63,0.6300000000000003,0.1369057161896489,0.099878623038558,0.1662172924791099,0.1369057161896489
64,64,0.6400000000000003,0.0619173541898832,0.0243262916097171,0.0923355846001303,0.0619173541898832
65,65,0.6500000000000004,-0.0128845572620254,-0.0504941881998058,0.0183943315435017,-0.0128845572620254
66,66,0.6600000000000004,-0.0864429219658527,-0.1235166300971627,-0.0545493124302863,-0.0864429219658527
67,67,0.6700000000000004,-0.1577332555109152,-0.1937159892992898,-0.1254675468227917,-0.1577332555109152
68,68,0.6800000000000004,-0.2257777368773885,-0.2601225237778997,-0.1933761884224255,-0.2257777368773885
69,69,0.6900000000000004,-0.2896583996324081,-0.3218349569095146,-0.2573481079605197,-0.2896583996324081
70,70,0.7000000000000004,-0.3485292880415507,-0.3780324664199123,-0.3165256597588379,-0.3485292880415507
71,71,0.7100000000000004,-0.4016274205583375,-0.4279853439095487,-0.3701319411879721,-0.4016274205583375
72,72,0.7200000000000004,-0.4482824222851752,-0.4710641906066685,-0.4174807378042089,-0.4482824222851752
73,73,0.7300000000000004,-0.487924708819419,-0.5067475379824266,-0.4579850308675006,-0.487924708819419
74,74,0.7400000000000004,-0.5200921260890673,-0.5346278061233224,-0.4911639662419851,-0.5200921260890673
75,75,0.7500000000000004,-0.5444349740101637,-0.5544155379232578,-0.5166482071035813,-0.5444349740101637
76,76,0.7600000000000005,-0.560719365718505,-0.565941872855412,-0.534183617075879,-0.560719365718505
77,77,0.7700000000000005,-0.5688288983930164,-0.5691592499355291,-0.5436332450291211,-0.5688288983930164
78,78,0.7800000000000005,-0.5687646359485166,-0.564140355118898,-0.5449776074499622,-0.5687646359485166
79,79,0.7900000000000005,-0.5606434277878951,-0.5510753534176275,-0.5383132886685672,-0.5606434277878951
80,80,0.8000000000000005,-0.5446946110341571,-0.5302674701307857,-0.5238499029704168,-0.5446946110341571
81,81,0.8100000000000005,-0.5212551658918783,-0.5021270084141312,-0.5019054853928666,-0.5212551658918783
82,82,0.8200000000000005,-0.4907634147146696,-0.4671639116681468,-0.4729003994995874,-0.4907634147146696
83,83,0.8300000000000005,-0.4537513747022361,-0.4259789986097327,-0.437349870350708,-0.4537513747022361
84,84,0.8400000000000005,-0.4108358916658653,-0.3792540161619655,-0.3958552689805779,-0.4108358916658653
85,85,0.8500000000000005,-0.3627086977625195,-0.3277406702296027,-0.349094290726217,-0.3627086977625195
86,86,0.8600000000000005,-0.3101255493152386,-0.2722488068440674,-0.2978101835181765,-0.3101255493152386
87,87,0.8700000000000006,-0.2538946116558372,-0.213633925917867,-0.2428001935873381,-0.2538946116558372
88,88,0.8800000000000006,-0.1948642662256805,-0.1527842168424774,-0.1849034048287539,-0.1948642662256805
89,89,0.8900000000000006,-0.1339105208697823,-0.0906073093345673,-0.1249881542079427,-0.1339105208697823
90,90,0.9000000000000006,-0.0719242073147164,-0.0280169342634647,-0.0639392090460909,-0.0719242073147164
91,91,0.9100000000000006,-0.0097981502261019,0.034080312300434,-0.0026448927675255,-0.0097981502261019
92,92,0.9200000000000006,0.0515855099714491,0.0947979128291471,0.0580156562363923,0.0515855099714491
93,93,0.9300000000000006,0.1113676630915551,0.1532818977964776,0.1171849125123874,0.1113676630915551
94,94,0.9400000000000006,0.1687240737886295,0.2087226682095386,0.1740389051526301,0.1687240737886295
95,95,0.9500000000000006,0.2228765640716866,0.2603660103502394,0.2277985094570563,0.2228765640716866
96,96,0.9600000000000006,0.2731033846946171,0.3075231557921762,0.2777399366261143,0.2731033846946171
97,97,0.9700000000000006,0.3187486399935366,0.3495797556009528,0.3232042830878943,0.3187486399935366
98,98,0.9800000000000006,0.3592306460728613,0.386003655128081,0.3636060164744749,0.3592306460728613
99,99,0.9900000000000008,0.3940491190568403,0.4163513746946743,0.3984402922099792,0.3940491190568403
100,100,1.0000000000000009,0.4227911081630678,0.4402732214395341,0.4272890128932011,0.4227911081630678
101,101,1.010000000000001,0.4451356073461007,0.4575169783738397,0.4498255618722699,0.4451356073461007
102,102,1.020000000000001,0.4608567989201186,0.4679301379313134,0.4658181623289728,0.4608567989201186
103,103,1.0300000000000007,0.4698259026115867,0.4714606687158598,0.4751318335213904,0.4698259026115867
104,104,1.0400000000000007,0.4720116236267424,0.4681563254177459,0.477728936279121,0.4720116236267424
105,105,1.0500000000000007,0.4674792132578952,0.4581625326904046,0.4736683201118354,0.4674792132578952
106,106,1.0600000000000007,0.456388175017276,0.4417188938596999,0.4631031040922806,0.456388175017276
107,107,1.0700000000000007,0.4389886680084623,0.4191543943976661,0.4462771427329114,0.4389886680084623
108,108,1.0800000000000007,0.415616676968566,0.3908813878736425,0.4235202461294304,0.415616676968566
109,109,1.0900000000000007,0.3866880349024486,0.3573884683598228,0.3952422404510889,0.3866880349024486
110,110,1.1000000000000008,0.3526913992671753,0.3192323478032098,0.3619259701943612,0.3526913992671753
111,111,1.1100000000000008,0.3141802960582694,0.277028869497404,0.3241193572854631,0.3141802960582694
112,112,1.1200000000000008,0.2717643577326462,0.2314432993413516,0.2824266439466958,0.2717643577326462
113,113,1.1300000000000008,0.2260998905379782,0.1831800449358621,0.2374989560890397,0.2260998905379782
114,114,1.1400000000000008,0.177879914395784,0.132971958653397,0.1900243317464454,0.177879914395784
115,115,1.1500000000000008,0.1278238239275881,0.0815693845673985,0.1407173646450206,0.1278238239275881
116,116,1.1600000000000008,0.0766668224732548,0.02972911052372,0.0903086163541975,0.0766668224732548
117,117,1.1700000000000008,0.0251492820128197,-0.0217966143078332,0.0395339515808364,0.0251492820128197
118,118,1.1800000000000008,-0.0259938192160361,-0.0722708393021424,-0.0108760499428355,-0.0259938192160361
119,119,1.1900000000000008,-0.0760432328665175,-0.1209822980204622,-0.0602064548129043,-0.0760432328665175
120,120,1.2000000000000008,-0.1243054071709254,-0.1672552755347358,-0.1077679657691348,-0.1243054071709254
121,121,1.2100000000000009,-0.1701219482080301,-0.2104588228660708,-0.1529064025680641,-0.1701219482080301
122,122,1.2200000000000009,-0.2128784488780309,-0.2500151952909482,-0.1950115457433833,-0.2128784488780309
123,123,1.2300000000000009,-0.252012569470976,-0.285407404202164,-0.2335252260157823,-0.252012569470976
124,124,1.2400000000000009,-0.2870212659644053,-0.3161857865471216,-0.2679485545656971,-0.2870212659644053
125,125,1.2500000000000009,-0.3174670757335812,-0.3419735113775463,-0.2978482031527358,-0.3174670757335812
126,126,1.260000000000001,-0.3429833849926648,-0.362470959491924,-0.3228616579394103,-0.3429833849926648
127,127,1.270000000000001,-0.3632786177847949,-0.377458929284903,-0.3427013866259163,-0.3632786177847949
128,128,1.280000000000001,-0.378139302471405,-0.3868006394801753,-0.3571578748895919,-0.378139302471405
129,129,1.290000000000001,-0.3874319881987195,-0.3904425171561092,-0.3661015049041391,-0.3874319881987195
130,130,1.300000000000001,-0.3911040005024687,-0.3884137771190147,-0.3694832656443377,-0.3911040005024687
131,131,1.310000000000001,-0.3891830418118744,-0.3808248159847195,-0.3673343015178185,-0.3891830418118744
132,132,1.320000000000001,-0.3817756588968971,-0.3678644610509521,-0.359764322367342,-0.3817756588968971
133,133,1.330000000000001,-0.3690646150424099,-0.3497961299486043,-0.3469589138239715,-0.3690646150424099
134,134,1.340000000000001,-0.351305219714091,-0.3269529719320841,-0.3291758021439393,-0.351305219714091
135,135,1.350000000000001,-0.328820682501921,-0.2997320753084651,-0.3067401418246269,-0.328820682501921
136,136,1.360000000000001,-0.3019965710032143,-0.2685878377333621,-0.2800389072797283,-0.3019965710032143
137,137,1.370000000000001,-0.2712744638719267,-0.2340246067626676,-0.2495144814916792,-0.2712744638719267
138,138,1.380000000000001,-0.2371449003693151,-0.1965887070124905,-0.2156575447037823,-0.2371449003693151
139,139,1.390000000000001,-0.2001397362803426,-0.1568599774401795,-0.1789993747415768,-0.2001397362803426
140,140,1.400000000000001,-0.1608240229120698,-0.1154429475399727,-0.1401036773641558,-0.1608240229120698
141,141,1.410000000000001,-0.1197875309913867,-0.0729577845985086,-0.099558070068557,-0.1197875309913867
142,142,1.420000000000001,-0.0776360445823646,-0.0300311455575698,-0.0579653459578343,-0.0776360445823646
143,143,1.430000000000001,-0.0349825516269792,0.0127129335082652,-0.0159346456166427,-0.0349825516269792
144,144,1.440000000000001,0.0075615426182568,0.0546619797373277,0.0259273355754226,0.0075615426182568
145,145,1.450000000000001,0.0493950550926659,0.0952237313778894,0.067024979589177,0.0493950550926659
146,146,1.460000000000001,0.0899353970761068,0.1338343710098132,0.1067820963269711,0.0899353970761068
147,147,1.470000000000001,0.1286265641497291,0.1699662315529359,0.1446498773679216,0.1286265641497291
148,148,1.480000000000001,0.1649466361976187,0.2031348717224325,0.1801143449213984,0.1649466361976187
149,149,1.490000000000001,0.1984146881442818,0.232905428144888,0.2127031967864586,0.1984146881442818
150,150,1.500000000000001,0.2285970218797566,0.2588981630863468,0.2419919581605788,0.2285970218797566
151,151,1.5100000000000011,0.2551126407112521,0.280793139479368,0.2676093623168563,0.2551126407112521
152,152,1.5200000000000011,0.2776378995273117,0.2983339684725153,0.2892418942990277,0.2776378995273117
153,153,1.5300000000000011,0.2959102764861293,0.3113305888565077,0.3066374446812637,0.2959102764861293
154,154,1.5400000000000011,0.3097312252538918,0.3196610522345959,0.3196080339095313,0.3097312252538918
155,155,1.5500000000000012,0.3189680804263329,0.3232723024862781,0.3280315815827691,0.3189680804263329
156,156,1.5600000000000012,0.3235550025686891,0.3221799527095614,0.3318527090421456,0.3235550025686891
157,157,1.5700000000000012,0.3234929631076713,0.3164670772076441,0.3310825776127249,0.3234929631076713
158,158,1.5800000000000012,0.3188487829084473,0.3062820500078537,0.3257977785847671,0.3188487829084473
159,159,1.5900000000000012,0.309753251580152,0.2918354746701711,0.3161383043386509,0.309753251580152
160,160,1.6000000000000012,0.2963983671934341,0.2733962625780871,0.3023046427238658,0.2963983671934341
161,161,1.6100000000000012,0.2790337479920598,0.2512869283388703,0.2845540487258897,0.2790337479920598
162,162,1.6200000000000012,0.2579622786795417,0.2258781812033867,0.2631960584358822,0.2579622786795417
163,163,1.6300000000000012,0.2335350638181055,0.1975829004158904,0.2385873202335867,0.2335350638181055
164,164,1.6400000000000012,0.206145769664764,0.1668495900105795,0.2111258267777829,0.206145769664764
165,165,1.6500000000000012,0.1762244432799318,0.1341554146946713,0.1812446387643181,0.1762244432799318
166,166,1.6600000000000013,0.1442309038895876,0.0999989230304365,0.14940519737278,0.1442309038895876
167,167,1.6700000000000013,0.1106478061947696,0.06489256710744,0.1160903268141628,0.1106478061947696
168,168,1.6800000000000013,0.0759734785557278,0.029355129261126,0.0817970313702624,0.0759734785557278
169,169,1.6900000000000013,0.0407146407075323,-0.0060958338516722,0.047029192760067,0.0407146407075323
170,170,1.7000000000000013,0.0053791058861724,-0.0409514213391272,0.0122902735803836,0.0053791058861724
171,171,1.7100000000000013,-0.0295314290225854,-0.0747185872058027,-0.0219238690295138,-0.0295314290225854
172,172,1.7200000000000013,-0.0635284044160157,-0.1069270082408291,-0.0551319584119095,-0.0635284044160157
173,173,1.730000000000001,-0.0961431332009531,-0.1371355265773771,-0.0868739654788764,-0.0961431332009531
174,174,1.740000000000001,-0.1269331589465849,-0.1649380803057206,-0.1167173770196781,-0.1269331589465849
175,175,1.750000000000001,-0.1554881522341799,-0.1899690441294483,-0.1442629813769629,-0.1554881522341799
176,176,1.7600000000000011,-0.1814352682187413,-0.2119079116609632,-0.1691500957339624,-0.1814352682187413
177,177,1.7700000000000014,-0.2044438971427093,-0.2304832614057659,-0.1910611683141523,-0.2044438971427093
178,178,1.7800000000000014,-0.2242297491102877,-0.2454759596225734,-0.2097256986774843,-0.2242297491102877
179,179,1.7900000000000014,-0.2405582246951812,-0.2567215648980437,-0.2249234298504372,-0.2405582246951812
180,180,1.8000000000000014,-0.2532470337592504,-0.2641119112657084,-0.236486777090403,-0.2532470337592504
181,181,1.8100000000000012,-0.2621680360440481,-0.2675958588512536,-0.2443024694929961,-0.2621680360440481
182,182,1.8200000000000012,-0.2672482884975858,-0.2671792131633668,-0.2483123922358563,-0.2672482884975858
183,183,1.8300000000000012,-0.2684702957503885,-0.262923826096517,-0.2485136288463676,-0.2684702957503885
184,184,1.8400000000000012,-0.2658714714949812,-0.2549459033000946,-0.2449577143176989,-0.2658714714949812
185,185,1.8500000000000012,-0.2595428295923319,-0.243413553635669,-0.2377491210165339,-0.2595428295923319
186,186,1.8600000000000012,-0.2496269343744611,-0.2285436268389342,-0.2270430099724962,-0.2496269343744611
187,187,1.8700000000000012,-0.2363151496896201,-0.2105978950852602,-0.2130422901682561,-0.2363151496896201
188,188,1.8800000000000012,-0.2198442356104264,-0.1898786428013839,-0.1959940377261628,-0.2198442356104264
189,189,1.8900000000000012,-0.2004923502732979,-0.1667237366597246,-0.1761853352902153,-0.2004923502732979
190,190,1.9000000000000012,-0.1785745219300675,-0.1415012541418525,-0.1539385993236967,-0.1785745219300675
191,191,1.9100000000000013,-0.1544376628751942,-0.1146037542873353,-0.1296064693908511,-0.1544376628751942
192,192,1.9200000000000013,-0.1284552023858863,-0.0864422781957532,-0.103566338690238,-0.1284552023858863
193,193,1.9300000000000013,-0.1010214201158709,-0.05744016948456,-0.0762146090999773,-0.1010214201158709
194,194,1.9400000000000013,-0.0725455644721354,-0.0280268062046012,-0.0479607567412104,-0.0725455644721354
195,195,1.9500000000000013,-0.0434458423511913,0.0013686643210798,-0.0192212955443269,-0.0434458423511913
196,196,1.9600000000000013,-0.0141433672087161,0.0303234976213645,0.009586273490173,-0.0141433672087161
197,197,1.9700000000000013,0.0149438482069281,0.0584273436795606,0.0380494406926878,0.0149438482069281
198,198,1.980000000000001,0.0434067699840955,0.0852879743802103,0.0657665094150671,0.0434067699840955
199,199,1.990000000000001,0.0708510105946839,0.1105366681649713,0.0923521800824216,0.0708510105946839
200,200,2.0000000000000013,0.0969022085515263,0.1338331793211505,0.117442820228861,0.0969022085515263
201,201,2.010000000000001,0.1212110480446319,0.1548702263428953,0.1407013497168776,0.1212110480446319
202,202,2.020000000000001,0.1434578525482258,0.1733774416644091,0.161821676848906,0.1434578525482258
203,203,2.0300000000000007,0.1633566933624901,0.18912473364168,0.1805326284138598,0.1633566933624901
204,204,2.0400000000000005,0.1806589617633527,0.2019250208204022,0.1966013247546265,0.1806589617633527
205,205,2.0500000000000003,0.1951563617609273,0.2116363081328275,0.2098359595695406,0.1951563617609273
206,206,2.06,0.2066832892855252,0.2181630845706382,0.220087953240187,0.2066832892855252
207,207,2.07,0.2151185727976589,0.2214570319377755,0.2272534578733316,0.2151185727976589
208,208,2.08,0.2203865597200056,0.2215170443495852,0.2312742018176083,0.2203865597200056
209,209,2.0899999999999994,0.2224575425785397,0.2183885680677782,0.232137671026511,0.2224575425785397
210,210,2.099999999999999,0.2213475281812807,0.2121622809037451,0.2298766341504181,0.2213475281812807
211,211,2.109999999999999,0.2171173624232754,0.2029721396509654,0.224568027517345,0.2171173624232754
212,212,2.1199999999999988,0.2098712322569063,0.1909928326937527,0.216331225075721,0.2098712322569063
213,213,2.1299999999999986,0.1997545748849851,0.1764366829671395,0.2053257268005487,0.1997545748849851
214,214,2.1399999999999983,0.1869514322058024,0.1595500537052492,0.1917483068933813,0.1869514322058024
215,215,2.149999999999998,0.171681295859166,0.1406093158194736,0.1758296702333495,0.171681295859166
216,216,2.159999999999998,0.1541954947960283,0.1199164412133112,0.1578306718692092,0.1541954947960283
217,217,2.1699999999999977,0.1347731830390263,0.0977942908026237,0.1380381598019352,0.1347731830390263
218,218,2.179999999999997,0.1137169901475013,0.0745816694184854,0.1167605058282476,0.1137169901475013
219,219,2.1899999999999973,0.0913484007924291,0.0506282220907867,0.0943228927464337,0.0913484007924291
220,220,2.199999999999997,0.0680029327425578,0.0262892474264705,0.0710624287306354,0.0680029327425578
221,221,2.209999999999997,0.0440251844360352,0.0019205039050691,0.0473231611372782,0.0440251844360352
222,222,2.2199999999999966,0.0197638241498767,-0.0221269160696507,0.0234510624116609,0.0197638241498767
223,223,2.2299999999999964,-0.0044334074144153,-0.0455115715698228,-0.0002109398768181746,-0.0044334074144153
224,224,2.239999999999996,-0.0282246105195286,-0.0679064482681581,-0.0233278185017114,-0.0282246105195286
225,225,2.249999999999996,-0.0512784873377165,-0.089003457584275,-0.0455771198207144,-0.0512784873377165
226,226,2.259999999999996,-0.0732788851654424,-0.1085175990619885,-0.0666533906336399,-0.0732788851654424
227,227,2.269999999999996,-0.0939290606305632,-0.1261907309034887,-0.0862722989361041,-0.0939290606305632
228,228,2.279999999999996,-0.1129556084372718,-0.1417949000136165,-0.1041743940739358,-0.1129556084372718
229,229,2.289999999999995,-0.1301120037473758,-0.1551351899427164,-0.1201284577332321,-0.1301120037473758
230,230,2.299999999999995,-0.1451817134922191,-0.1660520526498552,-0.133934403739982,-0.1451817134922191
231,231,2.3099999999999947,-0.1579808386507519,-0.1744230979240208,-0.1454256916891256,-0.1579808386507519
232,232,2.3199999999999945,-0.1683602567126977,-0.1801643224798552,-0.1544712268679265,-0.1683602567126977
233,233,2.3299999999999943,-0.1762072410633931,-0.1832307690650838,-0.1609767266705497,-0.1762072410633931
234,234,2.339999999999994,-0.18144654176746,-0.1836166142572982,-0.1648855416051889,-0.18144654176746
235,235,2.349999999999994,-0.1840409200791677,-0.1813546918678493,-0.166178926956606,-0.1840409200791677
236,236,2.3599999999999937,-0.1839911368553845,-0.1765154668931528,-0.1648757690709697,-0.1839911368553845
237,237,2.369999999999993,-0.1813354027812462,-0.1692054826463847,-0.1610317779643184,-0.1813354027812462
238,238,2.379999999999993,-0.1761483058311291,-0.1595653109593767,-0.1547381654127618,-0.1761483058311291
239,239,2.389999999999993,-0.1685392385749188,-0.1477670420673137,-0.1461198347591063,-0.1685392385749188
240,240,2.399999999999993,-0.1586503547047035,-0.1340113568885091,-0.1353331152712913,-0.1586503547047035
241,241,2.4099999999999926,-0.1466540904100277,-0.1185242298092279,-0.122563079925345,-0.1466540904100277
242,242,2.4199999999999924,-0.1327502918894055,-0.1015533147116257,-0.1080204908813257,-0.1327502918894055
243,243,2.429999999999992,-0.1171629952801435,-0.0833640707857927,-0.0919384216069775,-0.1171629952801435
244,244,2.439999999999992,-0.1001369095563404,-0.064235687601735,-0.0745686085237959,-0.1001369095563404
245,245,2.449999999999992,-0.0819336564360564,-0.0444568709540804,-0.0561775881588096,-0.0819336564360564
246,246,2.4599999999999915,-0.0628278240146406,-0.0243215521149145,-0.0370426780498298,-0.0628278240146406
247,247,2.4699999999999918,-0.0431028926757136,-0.0041245833353749,-0.0174478610518992,-0.0431028926757136
248,248,2.479999999999991,-0.0230470928102758,0.0158425182653669,0.0023203667794553,-0.0230470928102758
249,249,2.489999999999991,-0.0029492539961106,0.0352957178712226,0.0219771248918801,-0.0029492539961106
250,250,2.4999999999999907,0.0169052954354802,0.0539624430826421,0.0412431948797535,0.0169052954354802
251,251,2.5099999999999905,0.0362387210682628,0.0715853420908538,0.0598489284307424,0.0362387210682628
252,252,2.5199999999999902,0.0547845122682165,0.0879257690109399,0.0775379627289311,0.0547845122682165
253,253,2.52999999999999,0.0722910972995884,0.102766950126894,0.0940706929879568,0.0722910972995884
254,254,2.53999999999999,0.0885251955195157,0.1159167900557398,0.1092274559761073,0.0885251955195157
255,255,2.5499999999999896,0.1032748628890159,0.1272102826063669,0.1228113831831357,0.1032748628890159
256,256,2.5599999999999894,0.1163521920037614,0.1365114973015947,0.134650887588672,0.1163521920037614
257,257,2.569999999999989,0.1275956332928699,0.1437151190539075,0.1446017537412297,0.1275956332928699
258,258,2.579999999999989,0.1368719098740401,0.1487475252377593,0.1525488069565293,0.1368719098740401
259,259,2.5899999999999888,0.1440775047003826,0.1515673912838478,0.1584071438020272,0.1440775047003826
260,260,2.5999999999999885,0.1491397049968089,0.1521658228324073,0.1621229125566421,0.1491397049968089
261,261,2.6099999999999883,0.1520171954686438,0.1505660193234949,0.1636736389251778,0.1520171954686438
262,262,2.619999999999988,0.1527001982786182,0.1468224805750115,0.163068098850742,0.1527001982786182
263,263,2.629999999999988,0.1512101642378856,0.1410197743101948,0.1603457467121549,0.1512101642378856
264,264,2.639999999999988,0.1475990259517355,0.1332708886570494,0.1555757134265985,0.1475990259517355
265,265,2.6499999999999875,0.1419480297142434,0.1237151992704269,0.1488553949145374,0.1419480297142434
266,266,2.6599999999999877,0.1343661686758734,0.112516085848451,0.1403086569436654,0.1343661686758734
267,267,2.669999999999987,0.1249882451374493,0.0998582373622685,0.1300836874772637,0.1249882451374493
268,268,2.679999999999987,0.1139725946831052,0.0859446892344718,0.1183505322433598,0.1139725946831052
269,269,2.689999999999986,0.1014985091916521,0.0709936389396695,0.1052983532562597,0.1014985091916521
270,270,2.6999999999999864,0.0877633995065003,0.0552350890236872,0.0911324534122532,0.0877633995065003
271,271,2.709999999999986,0.0729797416541772,0.0389073683196956,0.0760711130070676,0.0729797416541772
272,272,2.719999999999986,0.0573718529454621,0.022253583165168,0.0603422860545082,0.0573718529454621
273,273,2.7299999999999858,0.0411725460460563,0.0055180506890262,0.044180205604574,0.0411725460460563
274,274,2.7399999999999856,0.0246197101504656,-0.0110572342492899,0.0278219478565123,0.0246197101504656
275,275,2.7499999999999853,0.0079528687286064,-0.0272360481099904,0.0115040047395544,0.0079528687286064
276,276,2.759999999999985,-0.0085902370551446,-0.0427912552835558,-0.0045410861965018,-0.0085902370551446
277,277,2.769999999999985,-0.0247769912108844,-0.0575079464323267,-0.0200880072551542,-0.0247769912108844
278,278,2.7799999999999847,-0.0403831257662344,-0.0711863559551485,-0.0349217762766706,-0.0403831257662344
279,279,2.7899999999999845,-0.0551957796270097,-0.083644519755716,-0.0488406701612741,-0.0551957796270097
280,280,2.7999999999999843,-0.0690163524456844,-0.0947206387881864,-0.0616589172125691,-0.0690163524456844
281,281,2.809999999999984,-0.0816631159737081,-0.104275118581909,-0.0732091231417274,-0.0816631159737081
282,282,2.819999999999984,-0.092973549341776,-0.1121922600364871,-0.0833443998800771,-0.092973549341776
283,283,2.829999999999984,-0.1028063690993135,-0.1183815821504362,-0.0919401710340819,-0.1028063690993135
284,284,2.8399999999999834,-0.1110432295826088,-0.1227787629200764,-0.0988956328098896,-0.1110432295826088
285,285,2.849999999999983,-0.1175900741981087,-0.1253461903369193,-0.1041348544589628,-0.1175900741981087
286,286,2.859999999999983,-0.1223781234283444,-0.126073121138073,-0.1076075076738396,-0.1223781234283444
287,287,2.869999999999983,-0.1253644907159244,-0.124975450642214,-0.109289219814796,-0.1253644907159244
288,288,2.8799999999999826,-0.1265324227784461,-0.1220951025524253,-0.10918155129516,-0.1265324227784461
289,289,2.8899999999999824,-0.1258911662768699,-0.1174990529486972,-0.1073116028175064,-0.1258911662768699
290,290,2.899999999999982,-0.1234754680261946,-0.1112780077532271,-0.1037312633594874,-0.1234754680261946
291,291,2.909999999999982,-0.119344721027015,-0.1035447576620438,-0.0985161147845088,-0.119344721027015
292,292,2.9199999999999817,-0.1135817734401444,-0.094432238834155,-0.0917640136310266,-0.1135817734401444
293,293,2.929999999999981,-0.106291422158805,-0.084091331458436,-0.0835933749523551,-0.106291422158805
294,294,2.9399999999999813,-0.0975986167941343,-0.0726884316304529,-0.0741411869799778,-0.0975986167941343
295,295,2.949999999999981,-0.087646403626242,-0.0604028347260983,-0.0635607888176961,-0.087646403626242
296,296,2.959999999999981,-0.0765936423378603,-0.0474239706246396,-0.0520194462991126,-0.0765936423378603
297,297,2.9699999999999807,-0.0646125311012023,-0.0339485326878212,-0.0396957635224398,-0.0646125311012023
298,298,2.9799999999999804,-0.0518859777992186,-0.0201775433304066,-0.0267769693881745,-0.0518859777992186
299,299,2.98999999999998,-0.0386048568064051,-0.0063133993165992,-0.0134561196890574,-0.0386048568064051
300,300,2.99999999999998,-0.0249651918164116,0.0074430604091645,7.07440711403753e-05,-0.0249651918164116
301,301,3.00999999999998,-0.0111653056771348,0.0208954224858376,0.0136074379235435,-0.0111653056771348
302,302,3.01999999999998,0.0025970219195967,0.0338544621489787,0.0269604400975148,0.0025970219195967
303,303,3.02999999999998,0.0161273487373064,0.0461407632338395,0.0399416175859751,0.0161273487373064
304,304,3.039999999999979,0.0292372773764544,0.0575871595143866,0.0523708367774536,0.0292372773764544
305,305,3.049999999999979,0.0417470386149056,0.0680409648058655,0.0640784225163148,0.0417470386149056
306,306,3.0599999999999787,0.0534879158677595,0.0773659627646397,0.0749074326270408,0.0534879158677595
307,307,3.0699999999999785,0.0643044786720983,0.0854441311932181,0.0847157180455945,0.0643044786720983
308,308,3.0799999999999783,0.0740565962630485,0.0921770798396087,0.0933777421901707,0.0740565962630485
309,309,3.089999999999978,0.0826212058334602,0.0974871851038218,0.1007861370197607,0.0826212058334602
310,310,3.099999999999978,0.0898938139053705,0.1013184096633808,0.1068529773127272,0.0898938139053705
311,311,3.1099999999999777,0.095789713328478,0.1036367997353824,0.111510758986837,0.095789713328478
312,312,3.119999999999977,0.100244902697663,0.1044306574357415,0.1147130717127291,0.100244902697663
313,313,3.129999999999977,0.1032166993848482,0.1037103904079682,0.1164349605792939,0.1032166993848482
314,314,3.139999999999977,0.1046840418460401,0.101508045506809,0.1166729760864281,0.1046840418460401
315,315,3.149999999999977,0.1046474813280704,0.0978765377713657,0.1154449162034502,0.1046474813280704
316,316,3.1599999999999766,0.1031288674981548,0.0928885901462099,0.1127892685771186,0.1031288674981548
317,317,3.1699999999999764,0.1001707367915171,0.0866354033499805,0.108764365141286,0.1001707367915171
318,318,3.179999999999976,0.0958354163592558,0.0792250788963294,0.1034472653137427,0.0958354163592558
319,319,3.189999999999976,0.0902038603450787,0.0707808214947863,0.0969323876119069,0.0902038603450787
320,320,3.199999999999976,0.0833742387744274,0.0614389498582584,0.089329912829723,0.0833742387744274
321,321,3.2099999999999755,0.0754603025566199,0.0513467472852485,0.0807639848509417,0.0754603025566199
322,322,3.2199999999999758,0.0665895509391753,0.0406601852413234,0.071370737692354,0.0665895509391753
323,323,3.229999999999975,0.0569012301786019,0.0295415545161327,0.0612961794445084,0.0569012301786019
324,324,3.239999999999975,0.0465441941751357,0.0181570393671329,0.0506939653836492,0.0465441941751357
325,325,3.2499999999999747,0.035674659338389,0.0066742703745075,0.0397230936508318,0.035674659338389
326,326,3.2599999999999745,0.0244538869916435,-0.0047401084734558,0.0285455575232672,0.0244538869916435
327,327,3.2699999999999743,0.0130458271766629,-0.0159228236586793,0.0173239884369885,0.0130458271766629
328,328,3.279999999999974,0.001614757787445,-0.0267162733734987,0.006219323564067,0.001614757787445
329,329,3.289999999999974,-0.0096770474537403,-0.0369707141912972,-0.0046114690860748,-0.0096770474537403
330,330,3.2999999999999736,-0.0206715895486571,-0.0465463033420189,-0.0150175763644749,-0.0206715895486571
331,331,3.3099999999999734,-0.0312173220080928,-0.0553149692719603,-0.0248564065296095,-0.0312173220080928
332,332,3.319999999999973,-0.041171206332041,-0.0631620860294554,-0.0339955088235946,-0.041171206332041
333,333,3.329999999999973,-0.0504006177992766,-0.0699879301912583,-0.0423143207546755,-0.0504006177992766
334,334,3.3399999999999728,-0.0587850766896854,-0.075708902478469,-0.049705720586164,-0.0587850766896854
335,335,3.349999999999973,-0.0662177828887086,-0.0802584998525923,-0.0560773656361759,-0.0662177828887086
336,336,3.3599999999999723,-0.0726069349215795,-0.0835880276763869,-0.0613528003294463,-0.0726069349215795
337,337,3.369999999999972,-0.0778768177879004,-0.0856670454137783,-0.0654723214611676,-0.0778768177879004
338,338,3.379999999999972,-0.0819686474642734,-0.0864835432709262,-0.0683935917803375,-0.0819686474642734
339,339,3.389999999999972,-0.0848411635621417,-0.0860438510894954,-0.0700919967225757,-0.0848411635621417
340,340,3.3999999999999715,-0.0864709653167071,-0.0843722846372969,-0.0705607428655206,-0.0864709653167071
341,341,3.4099999999999717,-0.0868525897875177,-0.0815105381466339,-0.0698107003899773,-0.0868525897875177
342,342,3.419999999999971,-0.0859983348193659,-0.0775168354754497,-0.0678699954544318,-0.0859983348193659
343,343,3.429999999999971,-0.0839378328920384,-0.0724648555625769,-0.0647833618788207,-0.0839378328920384
344,344,3.43999999999997,-0.0807173854297654,-0.0664424508718839,-0.0606112648376534,-0.0807173854297654
345,345,3.4499999999999704,-0.076399070399099,-0.059550180231294,-0.0554288123381691,-0.076399070399099
346,346,3.45999999999997,-0.0710596390538736,-0.0518996798369755,-0.049324473065479,-0.0710596390538736
347,347,3.46999999999997,-0.0647892204481779,-0.0436118981814166,-0.0423986216773818,-0.0647892204481779
348,348,3.47999999999997,-0.0576898547975472,-0.0348152222533663,-0.034761934795356,-0.0576898547975472
349,349,3.4899999999999696,-0.0498738788943405,-0.0256435235306003,-0.0265336627390582,-0.0498738788943405
350,350,3.4999999999999694,-0.0414621885500979,-0.0162341530322309,-0.017839803468925,-0.0414621885500979
351,351,3.509999999999969,-0.0325824044256511,-0.0067259150112167,-0.0088112062204417,-0.0325824044256511
352,352,3.519999999999969,-0.0233669686045834,0.0027429512485027,0.0004183670745796888,-0.0233669686045834
353,353,3.5299999999999687,-0.0139511998588029,0.0120367526043717,0.0097141942826884,-0.0139511998588029
354,354,3.5399999999999685,-0.0044713357437753,0.021024258218299,0.0189425313878674,-0.0044713357437753
355,355,3.5499999999999683,0.0049374105515525,0.0295805240678042,0.0279725091472274,0.0049374105515525
356,356,3.559999999999968,0.0141427512802413,0.0375886008629771,0.036677961583432,0.0141427512802413
357,357,3.569999999999968,0.0230171568019535,0.0449411024619551,0.0449391611662948,0.0230171568019535
358,358,3.579999999999968,0.0314395948431078,0.0515416142130854,0.0526444372282514,0.0314395948431078
359,359,3.5899999999999674,0.0392971530368486,0.0573059232499765,0.0596916561615723,0.0392971530368486
360,360,3.5999999999999672,0.0464865234114125,0.0621630555851287,0.0659895442261906,0.0464865234114125
361,361,3.609999999999967,0.0529153297538582,0.0660561078450085,0.0714588363193075,0.0529153297538582
362,362,3.619999999999967,0.0585032812726993,0.0689428646186295,0.0760332367820429,0.0585032812726993
363,363,3.629999999999967,0.0631831386789724,0.0707961956060047,0.0796601812025059,0.0631831386789724
364,364,3.6399999999999664,0.0669014816596857,0.0716042300047632,0.0823013911752939,0.0669014816596857
365,365,3.649999999999966,0.0696192696877183,0.0713703088154518,0.083933217050048,0.0696192696877183
366,366,3.659999999999966,0.0713121911543741,0.070112718932044,0.0845467668013865,0.0713121911543741
367,367,3.6699999999999657,0.0719707988808062,0.0678642159689216,0.0841478222346249,0.0719707988808062
368,368,3.6799999999999655,0.0716004331185304,0.0646713457161336,0.082756546762404,0.0716004331185304
369,369,3.689999999999965,0.0702209361442072,0.060593576870824,0.080406991904405,0.0702209361442072
370,370,3.699999999999965,0.0678661654481873,0.0557022602273395,0.0771464124355389,0.0678661654481873
371,371,3.709999999999965,0.0645833152704134,0.0500794317883709,0.073034402699802,0.0645833152704134
372,372,3.7199999999999647,0.0604320588141267,0.0438164792554019,0.0681418689829458,0.0604320588141267
373,373,3.729999999999965,0.0554835258334373,0.0370126930440635,0.06254985496637,0.0554835258334373
374,374,3.739999999999964,0.0498191324146727,0.029773724328878,0.0563482391403073,0.0498191324146727
375,375,3.749999999999964,0.0435292816268578,0.0222099736374563,0.049634324613837,0.0435292816268578
376,376,3.759999999999964,0.036711955281216,0.014434934176803,0.0425113430044859,0.036711955281216
377,377,3.769999999999964,0.029471218295188,0.0065635143794887,0.0350868950078574,0.029471218295188
378,378,3.7799999999999634,0.0219156580897237,-0.0012896358941838,0.0274713508294358,0.0219156580897237
379,379,3.789999999999963,0.0141567820508719,-0.0090117714644316,0.0197762339029385,0.0141567820508719
380,380,3.799999999999963,0.006307396354129,-0.0164936469596839,0.0121126112237165,0.006307396354129
381,381,3.8099999999999623,-0.0015200106164211,-0.0236310387398739,0.0045895131979405,-0.0015200106164211
382,382,3.8199999999999625,-0.00921485741677,-0.0303261727631456,-0.002687594840499,-0.00921485741677
383,383,3.8299999999999614,-0.0166700091346139,-0.0364890391958671,-0.009618268348015,-0.0166700091346139
384,384,3.839999999999962,-0.0237832463150275,-0.0420385764705486,-0.0161084467677989,-0.0237832463150275
385,385,3.849999999999962,-0.0304586434118177,-0.0469037096225801,-0.02207170605225,-0.0304586434118177
386,386,3.8599999999999617,-0.0366078385189382,-0.0510242300508491,-0.027430384199238,-0.0366078385189382
387,387,3.8699999999999615,-0.0421511779354097,-0.0543515063132917,-0.0321165655371983,-0.0421511779354097
388,388,3.879999999999961,-0.047018721123748,-0.0568490181486059,-0.0360729117157176,-0.047018721123748
389,389,3.889999999999961,-0.0511510938045642,-0.0584927085709529,-0.0392533297202376,-0.0511510938045642
390,390,3.899999999999961,-0.0545001792553653,-0.0592711515761938,-0.0416234696960366,-0.0545001792553653
391,391,3.9099999999999606,-0.0570296403146682,-0.059185535686806,-0.0431610479010134,-0.0570296403146682
392,392,3.91999999999996,-0.0587152670973549,-0.0582494662094517,-0.043855992671823,-0.0587152670973549
393,393,3.92999999999996,-0.0595451479672336,-0.0564885916467407,-0.0437104138465135,-0.0595451479672336
394,394,3.93999999999996,-0.0595196638515474,-0.0539400621572258,-0.0427383986025336,-0.0595196638515474
395,395,3.94999999999996,-0.0586513084837362,-0.0506518302614535,-0.0409656391064928,-0.0586513084837362
396,396,3.95999999999996,-0.0569643395901995,-0.0466818061159376,-0.0384288996976496,-0.0569643395901995
397,397,3.9699999999999593,-0.0544942683607308,-0.0420968815932425,-0.0351753335091705,-0.0544942683607308
398,398,3.979999999999959,-0.0512871967292659,-0.0369718390903515,-0.0312616604405998,-0.0512871967292659
399,399,3.989999999999959,-0.0473990140125818,-0.0313881624182502,-0.0267532202054899,-0.0473990140125818
400,400,3.999999999999959,-0.0428944662833003,-0.0254327682862118,-0.0217229157667216,-0.0428944662833003
401,401,4.009999999999959,-0.0378461134668321,-0.0191966777718031,-0.0162500638191866,-0.0378461134668321
402,402,4.019999999999959,-0.0323331905299268,-0.0127736477535517,-0.0104191700694035,-0.0323331905299268
403,403,4.029999999999959,-0.0264403902550951,-0.0062587825732888,-0.0043186478824013,-0.0264403902550951
404,404,4.039999999999958,-0.0202565859579425,0.0002528538105510296,0.0019605005900452,-0.0202565859579425
405,405,4.049999999999958,-0.0138735130949207,0.0066676052145955,0.0083260214228236,-0.0138735130949207
406,406,4.059999999999958,-0.0073844290226579,0.0128945507833196,0.014685744713175,-0.0073844290226579
407,407,4.069999999999958,-0.0008827702063575246,0.0188467741699633,0.0209489000932719,-0.0008827702063575246
408,408,4.079999999999957,0.0055391740628237,0.0244425569179579,0.0270273934564023,0.0055391740628237
409,409,4.089999999999957,0.0117915528857478,0.0296064799555519,0.0328370272119067,0.0117915528857478
410,410,4.099999999999957,0.0177881921129131,0.0342704186689511,0.0382986474433869,0.0177881921129131
411,411,4.109999999999957,0.0234477630473235,0.0383744187588253,0.0433392026264506,0.0234477630473235
412,412,4.119999999999957,0.0286948659232456,0.0418674419837897,0.0478927000448886,0.0286948659232456
413,413,4.129999999999956,0.0334610140197297,0.0447079729228289,0.0519010477036464,0.0334610140197297
414,414,4.139999999999956,0.0376855058760835,0.0468644800155585,0.0553147713470229,0.0376855058760835
415,415,4.149999999999956,0.0413161748395526,0.0483157263326951,0.0580935981231896,0.0413161748395526
416,416,4.159999999999956,0.0443100070660911,0.0490509277566054,0.0602069004620186,0.0443100070660911
417,417,4.169999999999956,0.0466336210847126,0.0490697584808005,0.0616339958220599,0.0466336210847126
418,418,4.179999999999955,0.0482636040949064,0.0483822059356251,0.0623643000835814,0.0482636040949064
419,419,4.189999999999955,0.0491867022648239,0.0470082793839724,0.0623973344871117,0.0491867022648239
420,420,4.199999999999955,0.0493998644051113,0.044977578475771,0.0617425881105715,0.0493998644051113
421,421,4.209999999999955,0.048910140479401,0.0423287299751287,0.0604192399133411,0.048910140479401
422,422,4.2199999999999545,0.0477344384483244,0.0391087026533909,0.0584557463242478,0.0477344384483244
423,423,4.229999999999954,0.0458991449013384,0.0353720119514583,0.0558893021858769,0.0458991449013384
424,424,4.239999999999954,0.0434396167830525,0.0311798274347712,0.0527651845651946,0.0434396167830525
425,425,4.249999999999954,0.0403995532433436,0.0265989972766857,0.0491359904779581,0.0403995532433436
426,426,4.259999999999954,0.0368302582107983,0.0217010049960707,0.0450607809320786,0.0368302582107983
427,427,4.269999999999953,0.0327898056868259,0.0165608744317854,0.0406041448561921,0.0327898056868259
428,428,4.279999999999953,0.0283421209658029,0.0112560394526975,0.0358351974303829,0.0283421209658029
429,429,4.289999999999953,0.0235559919903976,0.0058651951730924,0.0308265280657329,0.0235559919903976
430,430,4.299999999999953,0.0185040258394768,0.0004671474693249921,0.0256531137808633,0.0185040258394768
431,431,4.3099999999999525,0.0132615659105923,-0.0048603226225126,0.0203912139929897,0.0132615659105923
432,432,4.319999999999952,0.0079055856951595,-0.0100415634996884,0.015117262777696,0.0079055856951595
433,433,4.329999999999952,0.002513575150559,-0.0150041111256548,0.0099067744584497,0.002513575150559
434,434,4.339999999999952,-0.0028375644487354,-0.0196796861413835,0.0048332779698678,-0.0028375644487354
435,435,4.349999999999952,-0.0080726016443004,-0.0240051164806063,-3.2705192936510063e-05,-0.0080726016443004
436,436,4.359999999999952,-0.0131190169350865,-0.0279231732793179,-0.0046246254608629,-0.0131190169350865
437,437,4.369999999999951,-0.0179079917156679,-0.0313833092924253,-0.0088807991571536,-0.0179079917156679
438,438,4.379999999999951,-0.0223753307554802,-0.0343422905878301,-0.0127452201800277,-0.0223753307554802
439,439,4.389999999999951,-0.0264623060926793,-0.0367647139561287,-0.0161682789816359,-0.0264623060926793
440,440,4.399999999999951,-0.0301164115016004,-0.0386234042269576,-0.0191073798965447,-0.0301164115016004
441,441,4.40999999999995,-0.0332920181134962,-0.0398996874943353,-0.0215274494529226,-0.0332920181134962
442,442,4.41999999999995,-0.0359509233042471,-0.0405835380962686,-0.0234013299622288,-0.0359509233042471
443,443,4.42999999999995,-0.038062786586713,-0.0406735990414222,-0.0247100544035743,-0.038062786586713
444,444,4.43999999999995,-0.0396054479350626,-0.0401770774011444,-0.025443000371625,-0.0396054479350626
445,445,4.4499999999999496,-0.0405651256988967,-0.039109517962652,-0.0255979226164559,-0.0405651256988967
446,446,4.459999999999949,-0.0409364930111845,-0.0374944601437968,-0.0251808654449011,-0.0409364930111845
447,447,4.469999999999949,-0.0407226333309879,-0.0353629847781014,-0.024205957951074,-0.0407226333309879
448,448,4.479999999999949,-0.0399348774651965,-0.0327531588688788,-0.0226950966752046,-0.0399348774651965
449,449,4.489999999999949,-0.0385925260593602,-0.0297093877635009,-0.0206775218324059,-0.0385925260593602
450,450,4.4999999999999485,-0.0367224631137086,-0.0262816853957663,-0.0181892946856741,-0.0367224631137086
451,451,4.509999999999948,-0.0343586675455135,-0.0225248742708377,-0.0152726849414472,-0.0343586675455135
452,452,4.519999999999948,-0.0315416311637688,-0.0184977277110475,-0.0119754782046069,-0.0315416311637688
453,453,4.529999999999948,-0.0283176926293824,-0.0142620675324721,-0.0083502145284312,-0.0283176926293824
454,454,4.539999999999948,-0.0247382980285455,-0.0098818307749356,-0.0044533699217131,-0.0247382980285455
455,455,4.549999999999947,-0.020859199575888,-0.005422119358348,-0.0003444933206992102,-0.020859199575888
456,456,4.559999999999947,-0.016739604677215,-0.0009482465853133236,0.0039146880089632,-0.016739604677215
457,457,4.569999999999947,-0.0124412881114129,0.0034752057440081,0.0082611814092984,-0.0124412881114129
458,458,4.579999999999947,-0.0080276804326349,0.007785306188636,0.0126316468021491,-0.0080276804326349
459,459,4.589999999999947,-0.0035629458449397,0.0119216556168481,0.0169633065105813,-0.0035629458449397
460,460,4.599999999999946,0.0008889372372698,0.0158272200868427,0.0211948340485378,0.0008889372372698
461,461,4.609999999999946,0.005265079955129,0.01944910337551,0.0252672094821975,0.005265079955129
462,462,4.619999999999946,0.0095045585159164,0.0227392489028627,0.0291245296211408,0.0095045585159164
463,463,4.629999999999946,0.0135492494455403,0.0256550619624886,0.0327147621104503,0.0135492494455403
464,464,4.6399999999999455,0.0173446133206709,0.0281599444453472,0.0359904334524163,0.0173446133206709
465,465,4.649999999999945,0.020840416607925,0.0302237356153283,0.0389092420728298,0.020840416607925
466,466,4.659999999999945,0.0239913822615007,0.0318230539391507,0.0414345887445644,0.0239913822615007
467,467,4.669999999999945,0.0267577608725563,0.0329415364685694,0.0435360179715763,0.0267577608725563
468,468,4.679999999999945,0.0291058154056056,0.0335699737972276,0.0451895652998328,0.0291058154056056
469,469,4.689999999999944,0.0310082138802238,0.0337063401454955,0.046378006937484,0.0310082138802238
470,470,4.699999999999944,0.0324443257405539,0.0333557196421362,0.0470910095138577,0.0324443257405539
471,471,4.709999999999944,0.0334004190799704,0.0325301313500656,0.0473251792644526,0.0334004190799704
472,472,4.719999999999944,0.0338697573330547,0.0312482570040636,0.0470840113760571,0.0338697573330547
473,473,4.729999999999944,0.0338525954909965,0.0295350767714535,0.0463777416419194,0.0338525954909965
474,474,4.739999999999943,0.0333560773192216,0.0274214195942587,0.0452231039417522,0.0333560773192216
475,475,4.749999999999943,0.0323940364376011,0.0249434358066018,0.0436429983565011,0.0323940364376011
476,476,4.759999999999943,0.0309867054450326,0.022142000729395,0.0416660759357423,0.0309867054450326
477,477,4.769999999999943,0.0291603385136328,0.0190620588129957,0.0393262472402797,0.0291603385136328
478,478,4.779999999999943,0.0269467540267259,0.0157519186169612,0.036662122769687,0.0269467540267259
479,479,4.789999999999942,0.0243828048743306,0.012262509476153,0.0337163942417603,0.0243828048743306
480,480,4.799999999999942,0.0215097849367469,0.0086466110984127,0.0305351664077176,0.0215097849367469
481,481,4.809999999999942,0.01837278106989,0.0049580675675128,0.0271672496552755,0.01837278106989
482,482,4.819999999999942,0.0150199805460018,0.0012509972851954,0.023663424065446,0.0150199805460018
483,483,4.8299999999999415,0.0115019443932648,-0.0024209897206214,0.0200756858443321,0.0115019443932648
484,484,4.839999999999941,0.007870857412828,-0.0060055559640191,0.0164564871469682,0.007870857412828
485,485,4.849999999999941,0.0041797658292904,-0.0094523714145176,0.0128579802472629,0.0041797658292904
486,486,4.859999999999941,0.0004818135504820961,-0.0127138089993036,0.0093312767895314,0.0004818135504820961
487,487,4.869999999999941,-0.0031705121235954,-0.0157455912503408,0.0059257324882843,-0.0031705121235954
488,488,4.87999999999994,-0.0067261147904348,-0.0185073794907171,0.002688267131304,-0.0067261147904348
489,489,4.88999999999994,-0.010135993114099,-0.0209632979046757,-0.00033727090408497185,-0.010135993114099
490,490,4.89999999999994,-0.0133539053247723,-0.0230823858824275,-0.0031106871791141,-0.0133539053247723
491,491,4.90999999999994,-0.0163369851973076,-0.0248389731576092,-0.0055959632007167,-0.0163369851973076
492,492,4.91999999999994,-0.0190463014702498,-0.0262129734447651,-0.0077617113150618,-0.0190463014702498
493,493,4.929999999999939,-0.0214473535821358,-0.0271900935184899,-0.0095815569477622,-0.0214473535821358
494,494,4.939999999999939,-0.0235104976051163,-0.0277619559364553,-0.0110344437680887,-0.0235104976051163
495,495,4.949999999999939,-0.02521129733167,-0.0279261348769536,-0.0121048585187848,-0.02521129733167
496,496,4.959999999999939,-0.0265307966021051,-0.0276861058194548,-0.0127829734472638,-0.0265307966021051
497,497,4.9699999999999385,-0.0274557101318433,-0.0270511110260362,-0.0130647054805792,-0.0274557101318433
498,498,4.979999999999938,-0.0279785312909972,-0.0260359439651382,-0.0129516924881859,-0.0279785312909972
499,499,4.989999999999938,-0.0280975564872626,-0.0246606569405273,-0.0124511881560567,-0.0280975564872626
500,500,4.999999999999938,-0.0278168269896046,-0.0229501972323857,-0.011575878136647,-0.0278168269896046
